source_url,final_url,http_status,title,meta_description,h1_text,canonical_url,og_tags,word_count
"https://www.woodinvillesportsclub.com/","https://www.woodinvillesportsclub.com/","200","Woodinville Sports Club | Tennis, Golf, Pickleball, Fitness & Events in Woodinville, WA","Join Woodinville Sports Club in WA for premier tennis, golf, fitness, and pickleball facilities. Discover our programs for all ages and skill levels.","Woodinville and the Eastside&rsquo;s Premiere Destination for Sports Training, Athlete Development, and Community Connection","https://www.woodinvillesportsclub.com/","{""og:title"":""Woodinville Sports Club | Tennis, Golf, Pickleball, Fitness & Events in Woodinville, WA"",""og:description"":""Join Woodinville Sports Club in WA for premier tennis, golf, fitness, and pickleball facilities. Discover our programs for all ages and skill levels."",""og:image"":""https://static.wixstatic.com/media/ad0976_669a0d850c1b464aa3f6c5b718ce6e43%7Emv2.png/v1/fit/w_2500,h_1330,al_c/ad0976_669a0d850c1b464aa3f6c5b718ce6e43%7Emv2.png"",""og:image:width"":""2500"",""og:image:height"":""1330"",""og:url"":""https://www.woodinvillesportsclub.com"",""og:site_name"":""WSC"",""og:type"":""website""}","488"
"https://www.woodinvillesportsclub.com/about-1","https://www.woodinvillesportsclub.com/about-1","200","TableExample | WSC","","About Us","https://www.woodinvillesportsclub.com/about-1","{""og:title"":""TableExample | WSC"",""og:image"":""https://static.wixstatic.com/media/ad0976_669a0d850c1b464aa3f6c5b718ce6e43%7Emv2.png/v1/fit/w_2500,h_1330,al_c/ad0976_669a0d850c1b464aa3f6c5b718ce6e43%7Emv2.png"",""og:image:width"":""2500"",""og:image:height"":""1330"",""og:url"":""https://www.woodinvillesportsclub.com/about-1"",""og:site_name"":""WSC"",""og:type"":""website""}","487"
"https://www.woodinvillesportsclub.com/about-3","https://www.woodinvillesportsclub.com/about-3","200","About | WSC","","About","https://www.woodinvillesportsclub.com/about-3","{""og:title"":""About | WSC"",""og:image"":""https://static.wixstatic.com/media/ad0976_669a0d850c1b464aa3f6c5b718ce6e43%7Emv2.png/v1/fit/w_2500,h_1330,al_c/ad0976_669a0d850c1b464aa3f6c5b718ce6e43%7Emv2.png"",""og:image:width"":""2500"",""og:image:height"":""1330"",""og:url"":""https://www.woodinvillesportsclub.com/about-3"",""og:site_name"":""WSC"",""og:type"":""website""}","137"
"https://www.woodinvillesportsclub.com/about-wsc","https://www.woodinvillesportsclub.com/about-wsc","200","About WSC | WSC","","About WSC","https://www.woodinvillesportsclub.com/about-wsc","{""og:title"":""About WSC | WSC"",""og:image"":""https://static.wixstatic.com/media/ad0976_669a0d850c1b464aa3f6c5b718ce6e43%7Emv2.png/v1/fit/w_2500,h_1330,al_c/ad0976_669a0d850c1b464aa3f6c5b718ce6e43%7Emv2.png"",""og:image:width"":""2500"",""og:image:height"":""1330"",""og:url"":""https://www.woodinvillesportsclub.com/about-wsc"",""og:site_name"":""WSC"",""og:type"":""website""}","437"
"https://www.woodinvillesportsclub.com/adult-rpm-classes/rpm-adult-2.0","https://www.woodinvillesportsclub.com/adult-rpm-classes/rpm-adult-2.0","200","RPM Adult 2.0","For players with little to no tennis experience or instruction. In this class, players will learn the five basic strokes, proper grip techniques, and basic footwork. These foundational skills are essential for progressing in the sport of tennis.","RPM Adult 2.0","https://www.woodinvillesportsclub.com/adult-rpm-classes/rpm-adult-2.0","{""og:title"":""RPM Adult 2.0"",""og:description"":""For players with little to no tennis experience or instruction. In this class, players will learn the five basic strokes, proper grip techniques, and basic footwork. These foundational skills are essential for progressing in the sport of tennis."",""og:url"":""https://www.woodinvillesportsclub.com/adult-rpm-classes/rpm-adult-2.0"",""og:site_name"":""WSC"",""og:type"":""website""}","164"
"https://www.woodinvillesportsclub.com/adult-rpm-classes/rpm-adult-2.5","https://www.woodinvillesportsclub.com/adult-rpm-classes/rpm-adult-2.5","200","RPM Adult 2.5","Players who have progressed past the 2.0 class and are preparing for or wanting to compete. This class focuses on improving stroke fundamentals, introducing spin for better ball control, and sustaining rallies at a moderate pace.","RPM Adult 2.5","https://www.woodinvillesportsclub.com/adult-rpm-classes/rpm-adult-2.5","{""og:title"":""RPM Adult 2.5"",""og:description"":""Players who have progressed past the 2.0 class and are preparing for or wanting to compete. This class focuses on improving stroke fundamentals, introducing spin for better ball control, and sustaining rallies at a moderate pace."",""og:url"":""https://www.woodinvillesportsclub.com/adult-rpm-classes/rpm-adult-2.5"",""og:site_name"":""WSC"",""og:type"":""website""}","160"
"https://www.woodinvillesportsclub.com/adult-rpm-classes/rpm-adult-3.0","https://www.woodinvillesportsclub.com/adult-rpm-classes/rpm-adult-3.0","200","RPM Adult 3.0","For players who have progressed past the 2.5 class. This class aims to enhance stroke fundamentals further, introduce advanced footwork, and develop match strategies. Players will work on sustaining faster-paced rallies and improving overall game tactics.","RPM Adult 3.0","https://www.woodinvillesportsclub.com/adult-rpm-classes/rpm-adult-3.0","{""og:title"":""RPM Adult 3.0"",""og:description"":""For players who have progressed past the 2.5 class. This class aims to enhance stroke fundamentals further, introduce advanced footwork, and develop match strategies. Players will work on sustaining faster-paced rallies and improving overall game tactics."",""og:url"":""https://www.woodinvillesportsclub.com/adult-rpm-classes/rpm-adult-3.0"",""og:site_name"":""WSC"",""og:type"":""website""}","158"
"https://www.woodinvillesportsclub.com/adult-wsc-tennis","https://www.woodinvillesportsclub.com/adult-wsc-tennis","200","WSC Adult Tennis | WSC","Elevate your tennis game with adult classes at Woodinville Sports Club. From beginners to advanced players, our tailored curriculum and experienced coaches help you master skills for USTA league play","Friday Night UTR Matchplay","https://www.woodinvillesportsclub.com/adult-wsc-tennis","{""og:title"":""WSC Adult Tennis | WSC"",""og:description"":""Elevate your tennis game with adult classes at Woodinville Sports Club. From beginners to advanced players, our tailored curriculum and experienced coaches help you master skills for USTA league play"",""og:image"":""https://static.wixstatic.com/media/ad0976_669a0d850c1b464aa3f6c5b718ce6e43%7Emv2.png/v1/fit/w_2500,h_1330,al_c/ad0976_669a0d850c1b464aa3f6c5b718ce6e43%7Emv2.png"",""og:image:width"":""2500"",""og:image:height"":""1330"",""og:url"":""https://www.woodinvillesportsclub.com/adult-wsc-tennis"",""og:site_name"":""WSC"",""og:type"":""website""}","786"
"https://www.woodinvillesportsclub.com/apl-training-center","https://www.woodinvillesportsclub.com/apl-training-center","200","Woodinville Fitness Center | Gym, Personal Training & More | Woodinville Sports Club","Experience Woodinville's spacious, uncrowded fitness center. Comfortable gym, personal training, group classes. Diverse equipment for all needs. Tennis and pickleball courts. Your relaxed wellness destination awaits!","Athletic Performance Lab Training Center High-Performance Training for Youth & Adult Athletes | The Only Training Facility of its Kind in the PNW | APL Training Center Features","https://www.woodinvillesportsclub.com/apl-training-center","{""og:title"":""Woodinville Fitness Center | Gym, Personal Training & More | Woodinville Sports Club"",""og:description"":""Experience Woodinville's spacious, uncrowded fitness center. Comfortable gym, personal training, group classes. Diverse equipment for all needs. Tennis and pickleball courts. Your relaxed wellness destination awaits!"",""og:image"":""https://static.wixstatic.com/media/ad0976_669a0d850c1b464aa3f6c5b718ce6e43%7Emv2.png/v1/fit/w_2500,h_1330,al_c/ad0976_669a0d850c1b464aa3f6c5b718ce6e43%7Emv2.png"",""og:image:width"":""2500"",""og:image:height"":""1330"",""og:url"":""https://www.woodinvillesportsclub.com/apl-training-center"",""og:site_name"":""WSC"",""og:type"":""website""}","447"
"https://www.woodinvillesportsclub.com/areasweserve","https://www.woodinvillesportsclub.com/areasweserve","200","Areas We Serve | WSC","Great Tennis, Golf Driving Range, Fitness and Pickleball. Serving Woodinville, Bothell, Redmond, Kirkland, Seattle, Bellevue, Kenmore, Snohomish, Sammamish, Issaquah","Areas We Serve","https://www.woodinvillesportsclub.com/areasweserve","{""og:title"":""Areas We Serve | WSC"",""og:description"":""Great Tennis, Golf Driving Range, Fitness and Pickleball. Serving Woodinville, Bothell, Redmond, Kirkland, Seattle, Bellevue, Kenmore, Snohomish, Sammamish, Issaquah"",""og:image"":""https://static.wixstatic.com/media/ad0976_669a0d850c1b464aa3f6c5b718ce6e43%7Emv2.png/v1/fit/w_2500,h_1330,al_c/ad0976_669a0d850c1b464aa3f6c5b718ce6e43%7Emv2.png"",""og:image:width"":""2500"",""og:image:height"":""1330"",""og:url"":""https://www.woodinvillesportsclub.com/areasweserve"",""og:site_name"":""WSC"",""og:type"":""website""}","99"
"https://www.woodinvillesportsclub.com/blog","https://www.woodinvillesportsclub.com/blog","200","Blog | WSC","","","https://www.woodinvillesportsclub.com/blog","{""og:title"":""Blog | WSC"",""og:image"":""https://static.wixstatic.com/media/ad0976_669a0d850c1b464aa3f6c5b718ce6e43%7Emv2.png/v1/fit/w_2500,h_1330,al_c/ad0976_669a0d850c1b464aa3f6c5b718ce6e43%7Emv2.png"",""og:image:width"":""2500"",""og:image:height"":""1330"",""og:url"":""https://www.woodinvillesportsclub.com/blog"",""og:site_name"":""WSC"",""og:type"":""website""}","128"
"https://www.woodinvillesportsclub.com/blog/categories/golf","https://www.woodinvillesportsclub.com/blog/categories/golf","200","Golf","","","https://www.woodinvillesportsclub.com/blog/categories/golf","{""og:title"":""Golf"",""og:url"":""https://www.woodinvillesportsclub.com/blog/categories/golf"",""og:site_name"":""WSC"",""og:type"":""website""}","32"
"https://www.woodinvillesportsclub.com/blog/categories/tennis","https://www.woodinvillesportsclub.com/blog/categories/tennis","200","Tennis","","","https://www.woodinvillesportsclub.com/blog/categories/tennis","{""og:title"":""Tennis"",""og:url"":""https://www.woodinvillesportsclub.com/blog/categories/tennis"",""og:site_name"":""WSC"",""og:type"":""website""}","73"
"https://www.woodinvillesportsclub.com/book","https://www.woodinvillesportsclub.com/book","200","Book | WSC","","Book your Experience","https://www.woodinvillesportsclub.com/book","{""og:title"":""Book | WSC"",""og:image"":""https://static.wixstatic.com/media/ad0976_669a0d850c1b464aa3f6c5b718ce6e43%7Emv2.png/v1/fit/w_2500,h_1330,al_c/ad0976_669a0d850c1b464aa3f6c5b718ce6e43%7Emv2.png"",""og:image:width"":""2500"",""og:image:height"":""1330"",""og:url"":""https://www.woodinvillesportsclub.com/book"",""og:site_name"":""WSC"",""og:type"":""website""}","31"
"https://www.woodinvillesportsclub.com/book-online","https://www.woodinvillesportsclub.com/book-online","200","Book Online | WSC","","","https://www.woodinvillesportsclub.com/book-online","{""og:title"":""Book Online | WSC"",""og:image"":""https://static.wixstatic.com/media/ad0976_669a0d850c1b464aa3f6c5b718ce6e43%7Emv2.png/v1/fit/w_2500,h_1330,al_c/ad0976_669a0d850c1b464aa3f6c5b718ce6e43%7Emv2.png"",""og:image:width"":""2500"",""og:image:height"":""1330"",""og:url"":""https://www.woodinvillesportsclub.com/book-online"",""og:site_name"":""WSC"",""og:type"":""website""}","8"
"https://www.woodinvillesportsclub.com/camps","https://www.woodinvillesportsclub.com/camps","200","Woodinville Summer Training | WSC Tennis, Golf, & Adventure Club","WSC Summer Training: tennis, golf & adventure programs for ages 3-18. Elite coaching, Athletic Development integrated daily, 67-acre campus. June 29-August 30.","SUMMER TRAINING @ WSC | Join Us for an Epic Summer!","https://www.woodinvillesportsclub.com/camps","{""og:title"":""Woodinville Summer Training | WSC Tennis, Golf, & Adventure Club"",""og:description"":""WSC Summer Training: tennis, golf & adventure programs for ages 3-18. Elite coaching, Athletic Development integrated daily, 67-acre campus. June 29-August 30."",""og:image"":""https://static.wixstatic.com/media/ad0976_669a0d850c1b464aa3f6c5b718ce6e43%7Emv2.png/v1/fit/w_2500,h_1330,al_c/ad0976_669a0d850c1b464aa3f6c5b718ce6e43%7Emv2.png"",""og:image:width"":""2500"",""og:image:height"":""1330"",""og:url"":""https://www.woodinvillesportsclub.com/camps"",""og:site_name"":""WSC"",""og:type"":""website""}","527"
"https://www.woodinvillesportsclub.com/careers","https://www.woodinvillesportsclub.com/careers","200","Careers at WSC | WSC","","Careers at WSC","https://www.woodinvillesportsclub.com/careers","{""og:title"":""Careers at WSC | WSC"",""og:image"":""https://static.wixstatic.com/media/ad0976_669a0d850c1b464aa3f6c5b718ce6e43%7Emv2.png/v1/fit/w_2500,h_1330,al_c/ad0976_669a0d850c1b464aa3f6c5b718ce6e43%7Emv2.png"",""og:image:width"":""2500"",""og:image:height"":""1330"",""og:url"":""https://www.woodinvillesportsclub.com/careers"",""og:site_name"":""WSC"",""og:type"":""website""}","399"
"https://www.woodinvillesportsclub.com/coaching-conference","https://www.woodinvillesportsclub.com/coaching-conference","200","2005 Tier 1 Performance: Coaching Conference | WSC","Join leading coaches and performance experts for an exclusive two-day immersion in cutting-edge tennis methodology. Discover breakthrough techniques in technical mastery, mental resilience, injury prevention, and tactical innovation that transform good players into champions. Limited spots available for both coaches and serious players looking to reach their highest potential.","Tier 1 Performance: 2025 Coaching Conference","https://www.woodinvillesportsclub.com/coaching-conference","{""og:title"":""2005 Tier 1 Performance: Coaching Conference | WSC"",""og:description"":""Join leading coaches and performance experts for an exclusive two-day immersion in cutting-edge tennis methodology. Discover breakthrough techniques in technical mastery, mental resilience, injury prevention, and tactical innovation that transform good players into champions. Limited spots available for both coaches and serious players looking to reach their highest potential."",""og:image"":""https://static.wixstatic.com/media/ad0976_669a0d850c1b464aa3f6c5b718ce6e43%7Emv2.png/v1/fit/w_2500,h_1330,al_c/ad0976_669a0d850c1b464aa3f6c5b718ce6e43%7Emv2.png"",""og:image:width"":""2500"",""og:image:height"":""1330"",""og:url"":""https://www.woodinvillesportsclub.com/coaching-conference"",""og:site_name"":""WSC"",""og:type"":""website""}","128"
"https://www.woodinvillesportsclub.com/contact-us","https://www.woodinvillesportsclub.com/contact-us","200","Contact Us | WSC","","Contact Us","https://www.woodinvillesportsclub.com/contact-us","{""og:title"":""Contact Us | WSC"",""og:image"":""https://static.wixstatic.com/media/ad0976_669a0d850c1b464aa3f6c5b718ce6e43%7Emv2.png/v1/fit/w_2500,h_1330,al_c/ad0976_669a0d850c1b464aa3f6c5b718ce6e43%7Emv2.png"",""og:image:width"":""2500"",""og:image:height"":""1330"",""og:url"":""https://www.woodinvillesportsclub.com/contact-us"",""og:site_name"":""WSC"",""og:type"":""website""}","12"
"https://www.woodinvillesportsclub.com/copy-of-2025-summer-camp-sign-up","https://www.woodinvillesportsclub.com/copy-of-2025-summer-camp-sign-up","200","Copy of 2025 Summer Camp Sign Up | WSC","Give your kids an unforgettable summer at Woodinville Sports Club! Tennis camps, golf camps, multi-sport camps and even a unique Farm Camp for all ages and skill levels. Register early and save!","2025 WSC Summer Camp Signup","https://www.woodinvillesportsclub.com/copy-of-2025-summer-camp-sign-up","{""og:title"":""Copy of 2025 Summer Camp Sign Up | WSC"",""og:description"":""Give your kids an unforgettable summer at Woodinville Sports Club! Tennis camps, golf camps, multi-sport camps and even a unique Farm Camp for all ages and skill levels. Register early and save!"",""og:image"":""https://static.wixstatic.com/media/ad0976_669a0d850c1b464aa3f6c5b718ce6e43%7Emv2.png/v1/fit/w_2500,h_1330,al_c/ad0976_669a0d850c1b464aa3f6c5b718ce6e43%7Emv2.png"",""og:image:width"":""2500"",""og:image:height"":""1330"",""og:url"":""https://www.woodinvillesportsclub.com/copy-of-2025-summer-camp-sign-up"",""og:site_name"":""WSC"",""og:type"":""website""}","254"
"https://www.woodinvillesportsclub.com/copy-of-adventure-camp","https://www.woodinvillesportsclub.com/copy-of-adventure-camp","200","(OLD) 2025 Adventure Camp | WSC","Keep your K-5th grader active this summer with WSC Adventure Camp in Woodinville! Crafts, sports (soccer, flag football, volleyball), and more.","","https://www.woodinvillesportsclub.com/copy-of-adventure-camp","{""og:title"":""(OLD) 2025 Adventure Camp | WSC"",""og:description"":""Keep your K-5th grader active this summer with WSC Adventure Camp in Woodinville! Crafts, sports (soccer, flag football, volleyball), and more."",""og:image"":""https://static.wixstatic.com/media/ad0976_669a0d850c1b464aa3f6c5b718ce6e43%7Emv2.png/v1/fit/w_2500,h_1330,al_c/ad0976_669a0d850c1b464aa3f6c5b718ce6e43%7Emv2.png"",""og:image:width"":""2500"",""og:image:height"":""1330"",""og:url"":""https://www.woodinvillesportsclub.com/copy-of-adventure-camp"",""og:site_name"":""WSC"",""og:type"":""website""}","345"
"https://www.woodinvillesportsclub.com/copy-of-camps","https://www.woodinvillesportsclub.com/copy-of-camps","200","Woodinville Summer Camps 2025 | Tennis, Golf, & Multi-Sport Fun at WSC","Join Woodinville's premier youth summer camps! Expert tennis, golf, and adventure programs for ages 6-17. Half & full-day options, professional coaching, arts & crafts. Trusted by local families for decades.","WSC Summer Camps","https://www.woodinvillesportsclub.com/copy-of-camps","{""og:title"":""Woodinville Summer Camps 2025 | Tennis, Golf, & Multi-Sport Fun at WSC"",""og:description"":""Join Woodinville's premier youth summer camps! Expert tennis, golf, and adventure programs for ages 6-17. Half & full-day options, professional coaching, arts & crafts. Trusted by local families for decades."",""og:image"":""https://static.wixstatic.com/media/ad0976_669a0d850c1b464aa3f6c5b718ce6e43%7Emv2.png/v1/fit/w_2500,h_1330,al_c/ad0976_669a0d850c1b464aa3f6c5b718ce6e43%7Emv2.png"",""og:image:width"":""2500"",""og:image:height"":""1330"",""og:url"":""https://www.woodinvillesportsclub.com/copy-of-camps"",""og:site_name"":""WSC"",""og:type"":""website""}","327"
"https://www.woodinvillesportsclub.com/copy-of-golf-camp","https://www.woodinvillesportsclub.com/pickleball-camp","200","Youth Pickleball Summer Camps 2025 | Ages 7-12 | Woodinville Sports Club","Premier youth pickleball summer camps at Woodinville Sports Club! Professional coaching for ages 7-12, all skill levels. Weekly programs $375. Located in Woodinville, WA. Register now!","","https://www.woodinvillesportsclub.com/pickleball-camp","{""og:title"":""Youth Pickleball Summer Camps 2025 | Ages 7-12 | Woodinville Sports Club"",""og:description"":""Premier youth pickleball summer camps at Woodinville Sports Club! Professional coaching for ages 7-12, all skill levels. Weekly programs $375. Located in Woodinville, WA. Register now!"",""og:image"":""https://static.wixstatic.com/media/ad0976_669a0d850c1b464aa3f6c5b718ce6e43%7Emv2.png/v1/fit/w_2500,h_1330,al_c/ad0976_669a0d850c1b464aa3f6c5b718ce6e43%7Emv2.png"",""og:image:width"":""2500"",""og:image:height"":""1330"",""og:url"":""https://www.woodinvillesportsclub.com/pickleball-camp"",""og:site_name"":""WSC"",""og:type"":""website""}","276"
"https://www.woodinvillesportsclub.com/copy-of-tennis","https://www.woodinvillesportsclub.com/copy-of-tennis","200","Woodinville Tennis | Indoor Courts, Lessons & Programs | Woodinville Sports Club","Experience premier tennis at Woodinville Sports Club. 8 indoor courts, 1 clay court. No monthly dues. Book courts, join elite junior programs, adult clinics. Pay-as-you-play flexibility. Your tennis journey starts here!","Elevate Your Tennis Game at WSC","https://www.woodinvillesportsclub.com/copy-of-tennis","{""og:title"":""Woodinville Tennis | Indoor Courts, Lessons & Programs | Woodinville Sports Club"",""og:description"":""Experience premier tennis at Woodinville Sports Club. 8 indoor courts, 1 clay court. No monthly dues. Book courts, join elite junior programs, adult clinics. Pay-as-you-play flexibility. Your tennis journey starts here!"",""og:image"":""https://static.wixstatic.com/media/ad0976_669a0d850c1b464aa3f6c5b718ce6e43%7Emv2.png/v1/fit/w_2500,h_1330,al_c/ad0976_669a0d850c1b464aa3f6c5b718ce6e43%7Emv2.png"",""og:image:width"":""2500"",""og:image:height"":""1330"",""og:url"":""https://www.woodinvillesportsclub.com/copy-of-tennis"",""og:site_name"":""WSC"",""og:type"":""website""}","201"
"https://www.woodinvillesportsclub.com/copy-of-tennis-camp","https://www.woodinvillesportsclub.com/copy-of-tennis-camp","200","OLD (2025 Tennis Camps) | WSC","Woodinville Sports Club offers Tier1/RPM tennis camps for ages 3-18. Week-long, half/full-day options, all summer. Beginners to advanced.","","https://www.woodinvillesportsclub.com/copy-of-tennis-camp","{""og:title"":""OLD (2025 Tennis Camps) | WSC"",""og:description"":""Woodinville Sports Club offers Tier1/RPM tennis camps for ages 3-18. Week-long, half/full-day options, all summer. Beginners to advanced."",""og:image"":""https://static.wixstatic.com/media/ad0976_669a0d850c1b464aa3f6c5b718ce6e43%7Emv2.png/v1/fit/w_2500,h_1330,al_c/ad0976_669a0d850c1b464aa3f6c5b718ce6e43%7Emv2.png"",""og:image:width"":""2500"",""og:image:height"":""1330"",""og:url"":""https://www.woodinvillesportsclub.com/copy-of-tennis-camp"",""og:site_name"":""WSC"",""og:type"":""website""}","284"
"https://www.woodinvillesportsclub.com/courses","https://www.woodinvillesportsclub.com/courses","200","Courses (List) | WSC","","Courses","https://www.woodinvillesportsclub.com/courses","{""og:title"":""Courses (List) | WSC"",""og:image"":""https://static.wixstatic.com/media/ad0976_669a0d850c1b464aa3f6c5b718ce6e43%7Emv2.png/v1/fit/w_2500,h_1330,al_c/ad0976_669a0d850c1b464aa3f6c5b718ce6e43%7Emv2.png"",""og:image:width"":""2500"",""og:image:height"":""1330"",""og:url"":""https://www.woodinvillesportsclub.com/courses"",""og:site_name"":""WSC"",""og:type"":""website""}","151"
"https://www.woodinvillesportsclub.com/courses/arts-%26-crafts","https://www.woodinvillesportsclub.com/courses/arts-%26-crafts","200","Arts & Crafts | WSC","","Arts & Crafts","https://www.woodinvillesportsclub.com/courses/arts-&-crafts","{""og:title"":""Arts & Crafts  | WSC"",""og:image"":""https://static.wixstatic.com/media/fc7570_06fbcb382f234c7abdc3f5c66ecc2e4f~mv2.jpg/v1/fill/w_4464,h_2976,al_c,q_90/IMG_6517.jpg"",""og:image:width"":""4464"",""og:image:height"":""2976"",""og:url"":""https://www.woodinvillesportsclub.com/courses/arts-&-crafts"",""og:site_name"":""WSC"",""og:type"":""website""}","166"
"https://www.woodinvillesportsclub.com/courses/baking-for-beginners","https://www.woodinvillesportsclub.com/courses/baking-for-beginners","200","Baking for Beginners | WSC","","Baking for Beginners","https://www.woodinvillesportsclub.com/courses/baking-for-beginners","{""og:title"":""Baking for Beginners  | WSC"",""og:image"":""https://static.wixstatic.com/media/fc7570_10a16b6e706c46b9992daa163568966c~mv2.jpg/v1/fill/w_4464,h_3055,al_c,q_90/IMG_5151.jpg"",""og:image:width"":""4464"",""og:image:height"":""3055"",""og:url"":""https://www.woodinvillesportsclub.com/courses/baking-for-beginners"",""og:site_name"":""WSC"",""og:type"":""website""}","167"
"https://www.woodinvillesportsclub.com/courses/modern-ballet","https://www.woodinvillesportsclub.com/courses/modern-ballet","200","Modern Ballet | WSC","","Modern Ballet","https://www.woodinvillesportsclub.com/courses/modern-ballet","{""og:title"":""Modern Ballet  | WSC"",""og:image"":""https://static.wixstatic.com/media/fc7570_41edef1182c1485e8798c73fce3a17ff~mv2.jpg/v1/fill/w_4464,h_2976,al_c,q_90/IMG_5320.jpg"",""og:image:width"":""4464"",""og:image:height"":""2976"",""og:url"":""https://www.woodinvillesportsclub.com/courses/modern-ballet"",""og:site_name"":""WSC"",""og:type"":""website""}","166"
"https://www.woodinvillesportsclub.com/courses/pottery-workshop","https://www.woodinvillesportsclub.com/courses/pottery-workshop","200","Pottery Workshop | WSC","","Pottery Workshop","https://www.woodinvillesportsclub.com/courses/pottery-workshop","{""og:title"":""Pottery Workshop  | WSC"",""og:image"":""https://static.wixstatic.com/media/fc7570_edd42b203bac46b8a149d18aca9f82d5~mv2.jpg/v1/fill/w_4464,h_2976,al_c,q_90/IMG_5609.jpg"",""og:image:width"":""4464"",""og:image:height"":""2976"",""og:url"":""https://www.woodinvillesportsclub.com/courses/pottery-workshop"",""og:site_name"":""WSC"",""og:type"":""website""}","166"
"https://www.woodinvillesportsclub.com/courses/tennis","https://www.woodinvillesportsclub.com/courses/tennis","200","Tennis | WSC","","Tennis","https://www.woodinvillesportsclub.com/courses/tennis","{""og:title"":""Tennis  | WSC"",""og:image"":""https://static.wixstatic.com/media/fc7570_2adecf12d63b4fa9aa595cc098ca1001~mv2.jpg/v1/fill/w_4464,h_2976,al_c,q_90/IMG_5837.jpg"",""og:image:width"":""4464"",""og:image:height"":""2976"",""og:url"":""https://www.woodinvillesportsclub.com/courses/tennis"",""og:site_name"":""WSC"",""og:type"":""website""}","165"
"https://www.woodinvillesportsclub.com/courses/trumpet-basics","https://www.woodinvillesportsclub.com/courses/trumpet-basics","200","Trumpet Basics | WSC","","Trumpet Basics","https://www.woodinvillesportsclub.com/courses/trumpet-basics","{""og:title"":""Trumpet Basics  | WSC"",""og:image"":""https://static.wixstatic.com/media/fc7570_25731940c59740a782d75a92964ce57f~mv2.jpg/v1/fill/w_4464,h_2976,al_c,q_90/IMG_6051.jpg"",""og:image:width"":""4464"",""og:image:height"":""2976"",""og:url"":""https://www.woodinvillesportsclub.com/courses/trumpet-basics"",""og:site_name"":""WSC"",""og:type"":""website""}","166"
"https://www.woodinvillesportsclub.com/event-details-registration/fitness-expo-extravaganza","https://www.woodinvillesportsclub.com/event-details-registration/fitness-expo-extravaganza","200","Fitness Expo Extravaganza | WSC","Join us for a day of fitness exhibits, workshops, and demos. Whether you're a beginner or a fitness enthusiast, this event is for you!","Fitness Expo Extravaganza","https://www.woodinvillesportsclub.com/event-details-registration/fitness-expo-extravaganza","{""og:title"":""Fitness Expo Extravaganza | WSC"",""og:description"":""Join us for a day of fitness exhibits, workshops, and demos. Whether you're a beginner or a fitness enthusiast, this event is for you!"",""og:image"":""https://static.wixstatic.com/media/ad0976_82af42fe62ef4e91a7cdac0e19f17c38~mv2.png/v1/fill/w_1344,h_768,al_c/ad0976_82af42fe62ef4e91a7cdac0e19f17c38~mv2.png"",""og:image:width"":""1344"",""og:image:height"":""768"",""og:url"":""https://www.woodinvillesportsclub.com/event-details-registration/fitness-expo-extravaganza"",""og:site_name"":""WSC"",""og:type"":""website""}","66"
"https://www.woodinvillesportsclub.com/event-details-registration/pickleball-palooza-tournament","https://www.woodinvillesportsclub.com/event-details-registration/pickleball-palooza-tournament","200","Pickleball Palooza Tournament | WSC","Compete in our fun and friendly pickleball tournament. All skill levels welcome. Prizes and refreshments included!","Pickleball Palooza Tournament","https://www.woodinvillesportsclub.com/event-details-registration/pickleball-palooza-tournament","{""og:title"":""Pickleball Palooza Tournament | WSC"",""og:description"":""Compete in our fun and friendly pickleball tournament. All skill levels welcome. Prizes and refreshments included!"",""og:image"":""https://static.wixstatic.com/media/ad0976_c29850bad2904b84850eb6c2a0d7aed2~mv2.png/v1/fill/w_1344,h_768,al_c/ad0976_c29850bad2904b84850eb6c2a0d7aed2~mv2.png"",""og:image:width"":""1344"",""og:image:height"":""768"",""og:url"":""https://www.woodinvillesportsclub.com/event-details-registration/pickleball-palooza-tournament"",""og:site_name"":""WSC"",""og:type"":""website""}","58"
"https://www.woodinvillesportsclub.com/event-details-registration/tennis-under-the-stars-gala","https://www.woodinvillesportsclub.com/event-details-registration/tennis-under-the-stars-gala","200","Tennis Under the Stars Gala | WSC","Join us for a special night of tennis matches under the stars, followed by a gourmet dinner and live music. Limited tickets available!","Tennis Under the Stars Gala","https://www.woodinvillesportsclub.com/event-details-registration/tennis-under-the-stars-gala","{""og:title"":""Tennis Under the Stars Gala | WSC"",""og:description"":""Join us for a special night of tennis matches under the stars, followed by a gourmet dinner and live music. Limited tickets available!"",""og:image"":""https://static.wixstatic.com/media/ad0976_659679f08afe403783f6e18017c28bce~mv2.png/v1/fill/w_1344,h_768,al_c/ad0976_659679f08afe403783f6e18017c28bce~mv2.png"",""og:image:width"":""1344"",""og:image:height"":""768"",""og:url"":""https://www.woodinvillesportsclub.com/event-details-registration/tennis-under-the-stars-gala"",""og:site_name"":""WSC"",""og:type"":""website""}","72"
"https://www.woodinvillesportsclub.com/events-1","https://www.woodinvillesportsclub.com/events-1","200","Unforgettable Events in Woodinville | Rustic Cabin, Stunning Views! Changes: ""Unforgettable,"" highlights key features (rustic cabin, views)","Host your next event at Woodinville Sports Club! Unique venues, customizable packages, and personalized service in Woodinville's wine district.","Private Events @ WSC","https://www.woodinvillesportsclub.com/events-1","{""og:title"":""Unforgettable Events in Woodinville | Rustic Cabin, Stunning Views! Changes: \""Unforgettable,\"" highlights key features (rustic cabin, views)"",""og:description"":""Host your next event at Woodinville Sports Club! Unique venues, customizable packages, and personalized service in Woodinville's wine district."",""og:image"":""https://static.wixstatic.com/media/ad0976_669a0d850c1b464aa3f6c5b718ce6e43%7Emv2.png/v1/fit/w_2500,h_1330,al_c/ad0976_669a0d850c1b464aa3f6c5b718ce6e43%7Emv2.png"",""og:image:width"":""2500"",""og:image:height"":""1330"",""og:url"":""https://www.woodinvillesportsclub.com/events-1"",""og:site_name"":""WSC"",""og:type"":""website""}","487"
"https://www.woodinvillesportsclub.com/faqs","https://www.woodinvillesportsclub.com/faqs","200","Multi-Sport Adventure Club for Kids | WSC Woodinville","Active multi-sport training for kids 5-10. Learn about pro athletes from around the world - focus on a different country each week. In Woodinville. Full & 1/2-day.","FAQs","https://www.woodinvillesportsclub.com/faqs","{""og:title"":""Multi-Sport Adventure Club for Kids | WSC Woodinville"",""og:description"":""Active multi-sport training for kids 5-10. Learn about pro athletes from around the world - focus on a different country each week. In Woodinville. Full & 1/2-day."",""og:image"":""https://static.wixstatic.com/media/ad0976_669a0d850c1b464aa3f6c5b718ce6e43%7Emv2.png/v1/fit/w_2500,h_1330,al_c/ad0976_669a0d850c1b464aa3f6c5b718ce6e43%7Emv2.png"",""og:image:width"":""2500"",""og:image:height"":""1330"",""og:url"":""https://www.woodinvillesportsclub.com/faqs"",""og:site_name"":""WSC"",""og:type"":""website""}","776"
"https://www.woodinvillesportsclub.com/fitness","https://www.woodinvillesportsclub.com/fitness","200","Woodinville Fitness Center | Gym, Personal Training & More | Woodinville Sports Club","Experience Woodinville's spacious, uncrowded fitness center. Comfortable gym, personal training, group classes. Diverse equipment for all needs. Tennis and pickleball courts. Your relaxed wellness destination awaits!","Athletic Performance Lab Where Champions are Built","https://www.woodinvillesportsclub.com/fitness","{""og:title"":""Woodinville Fitness Center | Gym, Personal Training & More | Woodinville Sports Club"",""og:description"":""Experience Woodinville's spacious, uncrowded fitness center. Comfortable gym, personal training, group classes. Diverse equipment for all needs. Tennis and pickleball courts. Your relaxed wellness destination awaits!"",""og:image"":""https://static.wixstatic.com/media/ad0976_669a0d850c1b464aa3f6c5b718ce6e43%7Emv2.png/v1/fit/w_2500,h_1330,al_c/ad0976_669a0d850c1b464aa3f6c5b718ce6e43%7Emv2.png"",""og:image:width"":""2500"",""og:image:height"":""1330"",""og:url"":""https://www.woodinvillesportsclub.com/fitness"",""og:site_name"":""WSC"",""og:type"":""website""}","306"
"https://www.woodinvillesportsclub.com/food-trucks","https://www.woodinvillesportsclub.com/food-trucks","200","NEW! Food Trucks | WSC","","Food Trucks @ WSC","https://www.woodinvillesportsclub.com/food-trucks","{""og:title"":""NEW! Food Trucks | WSC"",""og:image"":""https://static.wixstatic.com/media/ad0976_669a0d850c1b464aa3f6c5b718ce6e43%7Emv2.png/v1/fit/w_2500,h_1330,al_c/ad0976_669a0d850c1b464aa3f6c5b718ce6e43%7Emv2.png"",""og:image:width"":""2500"",""og:image:height"":""1330"",""og:url"":""https://www.woodinvillesportsclub.com/food-trucks"",""og:site_name"":""WSC"",""og:type"":""website""}","292"
"https://www.woodinvillesportsclub.com/free-fitness-assessment","https://www.woodinvillesportsclub.com/free-fitness-assessment","200","Complimentary Fitness Assessment for WSC Members | Woodinville Sports Club","WSC gym members can receive a complimentary 30–45 minute fitness assessment with a certified trainer. Get personalized recommendations, training insight, and guidance to help reach your fitness goals.","","https://www.woodinvillesportsclub.com/free-fitness-assessment","{""og:title"":""Complimentary Fitness Assessment for WSC Members | Woodinville Sports Club"",""og:description"":""WSC gym members can receive a complimentary 30–45 minute fitness assessment with a certified trainer. Get personalized recommendations, training insight, and guidance to help reach your fitness goals."",""og:image"":""https://static.wixstatic.com/media/ad0976_669a0d850c1b464aa3f6c5b718ce6e43%7Emv2.png/v1/fit/w_2500,h_1330,al_c/ad0976_669a0d850c1b464aa3f6c5b718ce6e43%7Emv2.png"",""og:image:width"":""2500"",""og:image:height"":""1330"",""og:url"":""https://www.woodinvillesportsclub.com/free-fitness-assessment"",""og:site_name"":""WSC"",""og:type"":""website""}","200"
"https://www.woodinvillesportsclub.com/fta-parent-meeting-4-21","https://www.woodinvillesportsclub.com/fta-parent-meeting-4-21","200","FTA Parent Meeting Featuring Alex Proctor ICL | WSC","","Watch the ICL & FTA Parent Meeting On-Demand","https://www.woodinvillesportsclub.com/fta-parent-meeting-4-21","{""og:title"":""FTA Parent Meeting Featuring Alex Proctor ICL | WSC"",""og:image"":""https://static.wixstatic.com/media/ad0976_669a0d850c1b464aa3f6c5b718ce6e43%7Emv2.png/v1/fit/w_2500,h_1330,al_c/ad0976_669a0d850c1b464aa3f6c5b718ce6e43%7Emv2.png"",""og:image:width"":""2500"",""og:image:height"":""1330"",""og:url"":""https://www.woodinvillesportsclub.com/fta-parent-meeting-4-21"",""og:site_name"":""WSC"",""og:type"":""website""}","99"
"https://www.woodinvillesportsclub.com/golf","https://www.woodinvillesportsclub.com/golf","200","Woodinville Golf | Driving Range, Coaching, Lessons & Practice Area | Woodinville Sports Club","Experience premium golf services at Woodinville Sports Club. From our Driving Range with a TopTracer-enhanced experience,  to mini-golf and expert lessons. Enjoy grass tees, short game areas, and comprehensive packages for all skill levels.","Woodinville's Best Golf Driving Range and Practice Area | Driving Range | & Practice Areas","https://www.woodinvillesportsclub.com/golf","{""og:title"":""Woodinville Golf | Driving Range, Coaching, Lessons & Practice Area | Woodinville Sports Club"",""og:description"":""Experience premium golf services at Woodinville Sports Club. From our Driving Range with a TopTracer-enhanced experience,  to mini-golf and expert lessons. Enjoy grass tees, short game areas, and comprehensive packages for all skill levels."",""og:image"":""https://static.wixstatic.com/media/ad0976_669a0d850c1b464aa3f6c5b718ce6e43%7Emv2.png/v1/fit/w_2500,h_1330,al_c/ad0976_669a0d850c1b464aa3f6c5b718ce6e43%7Emv2.png"",""og:image:width"":""2500"",""og:image:height"":""1330"",""og:url"":""https://www.woodinvillesportsclub.com/golf"",""og:site_name"":""WSC"",""og:type"":""website""}","1081"
"https://www.woodinvillesportsclub.com/golf-coaching","https://www.woodinvillesportsclub.com/golf-coaching","200","Golf Coaching | WSC","Expert golf instruction at Woodinville Sports Club. PGA-certified coaches offer personalized lessons for all levels. Enjoy our TopTracer range, grass tees, and short game areas. Elevate your golf game today!","","https://www.woodinvillesportsclub.com/golf-coaching","{""og:title"":""Golf Coaching | WSC"",""og:description"":""Expert golf instruction at Woodinville Sports Club. PGA-certified coaches offer personalized lessons for all levels. Enjoy our TopTracer range, grass tees, and short game areas. Elevate your golf game today!"",""og:image"":""https://static.wixstatic.com/media/ad0976_669a0d850c1b464aa3f6c5b718ce6e43%7Emv2.png/v1/fit/w_2500,h_1330,al_c/ad0976_669a0d850c1b464aa3f6c5b718ce6e43%7Emv2.png"",""og:image:width"":""2500"",""og:image:height"":""1330"",""og:url"":""https://www.woodinvillesportsclub.com/golf-coaching"",""og:site_name"":""WSC"",""og:type"":""website""}","429"
"https://www.woodinvillesportsclub.com/inquiry-services-page","https://www.woodinvillesportsclub.com/inquiry-services-page","200","Inquiry Services Page | WSC","","Explore our services and get in touch","https://www.woodinvillesportsclub.com/inquiry-services-page","{""og:title"":""Inquiry Services Page | WSC"",""og:image"":""https://static.wixstatic.com/media/ad0976_669a0d850c1b464aa3f6c5b718ce6e43%7Emv2.png/v1/fit/w_2500,h_1330,al_c/ad0976_669a0d850c1b464aa3f6c5b718ce6e43%7Emv2.png"",""og:image:width"":""2500"",""og:image:height"":""1330"",""og:url"":""https://www.woodinvillesportsclub.com/inquiry-services-page"",""og:site_name"":""WSC"",""og:type"":""website""}","17"
"https://www.woodinvillesportsclub.com/main-gym","https://www.woodinvillesportsclub.com/main-gym","200","Woodinville Fitness Center | Gym, Personal Training & More | Woodinville Sports Club","Experience Woodinville's spacious, uncrowded fitness center. Comfortable gym, personal training, group classes. Diverse equipment for all needs. Tennis and pickleball courts. Your relaxed wellness destination awaits!","Main Gym Features","https://www.woodinvillesportsclub.com/main-gym","{""og:title"":""Woodinville Fitness Center | Gym, Personal Training & More | Woodinville Sports Club"",""og:description"":""Experience Woodinville's spacious, uncrowded fitness center. Comfortable gym, personal training, group classes. Diverse equipment for all needs. Tennis and pickleball courts. Your relaxed wellness destination awaits!"",""og:image"":""https://static.wixstatic.com/media/ad0976_669a0d850c1b464aa3f6c5b718ce6e43%7Emv2.png/v1/fit/w_2500,h_1330,al_c/ad0976_669a0d850c1b464aa3f6c5b718ce6e43%7Emv2.png"",""og:image:width"":""2500"",""og:image:height"":""1330"",""og:url"":""https://www.woodinvillesportsclub.com/main-gym"",""og:site_name"":""WSC"",""og:type"":""website""}","370"
"https://www.woodinvillesportsclub.com/matpilates","https://www.woodinvillesportsclub.com/matpilates","200","Pilates Interest Form | WSC","","","https://www.woodinvillesportsclub.com/matpilates","{""og:title"":""Pilates Interest Form | WSC"",""og:image"":""https://static.wixstatic.com/media/ad0976_669a0d850c1b464aa3f6c5b718ce6e43%7Emv2.png/v1/fit/w_2500,h_1330,al_c/ad0976_669a0d850c1b464aa3f6c5b718ce6e43%7Emv2.png"",""og:image:width"":""2500"",""og:image:height"":""1330"",""og:url"":""https://www.woodinvillesportsclub.com/matpilates"",""og:site_name"":""WSC"",""og:type"":""website""}","132"
"https://www.woodinvillesportsclub.com/member-request","https://www.woodinvillesportsclub.com/member-request","200","Membership Cancel Request | WSC","","Membership Cancellation Requests","https://www.woodinvillesportsclub.com/member-request","{""og:title"":""Membership Cancel Request | WSC"",""og:image"":""https://static.wixstatic.com/media/ad0976_669a0d850c1b464aa3f6c5b718ce6e43%7Emv2.png/v1/fit/w_2500,h_1330,al_c/ad0976_669a0d850c1b464aa3f6c5b718ce6e43%7Emv2.png"",""og:image:width"":""2500"",""og:image:height"":""1330"",""og:url"":""https://www.woodinvillesportsclub.com/member-request"",""og:site_name"":""WSC"",""og:type"":""website""}","166"
"https://www.woodinvillesportsclub.com/membership","https://www.woodinvillesportsclub.com/membership","200","Membership | WSC","Join Woodinville Sports Club | Membership Pricing & Information","WSC Memberships | Train Without Limits","https://www.woodinvillesportsclub.com/membership","{""og:title"":""Membership | WSC"",""og:description"":""Join Woodinville Sports Club | Membership Pricing & Information"",""og:image"":""https://static.wixstatic.com/media/ad0976_669a0d850c1b464aa3f6c5b718ce6e43%7Emv2.png/v1/fit/w_2500,h_1330,al_c/ad0976_669a0d850c1b464aa3f6c5b718ce6e43%7Emv2.png"",""og:image:width"":""2500"",""og:image:height"":""1330"",""og:url"":""https://www.woodinvillesportsclub.com/membership"",""og:site_name"":""WSC"",""og:type"":""website""}","518"
"https://www.woodinvillesportsclub.com/membership-agreement","https://www.woodinvillesportsclub.com/membership-agreement","200","Membership Agreement | WSC","","WSC Membership Agreement","https://www.woodinvillesportsclub.com/membership-agreement","{""og:title"":""Membership Agreement | WSC"",""og:image"":""https://static.wixstatic.com/media/ad0976_669a0d850c1b464aa3f6c5b718ce6e43%7Emv2.png/v1/fit/w_2500,h_1330,al_c/ad0976_669a0d850c1b464aa3f6c5b718ce6e43%7Emv2.png"",""og:image:width"":""2500"",""og:image:height"":""1330"",""og:url"":""https://www.woodinvillesportsclub.com/membership-agreement"",""og:site_name"":""WSC"",""og:type"":""website""}","3248"
"https://www.woodinvillesportsclub.com/membership-policies","https://www.woodinvillesportsclub.com/membership-policies","200","Membership Policies | WSC","","WSC Membership Policies","https://www.woodinvillesportsclub.com/membership-policies","{""og:title"":""Membership Policies | WSC"",""og:image"":""https://static.wixstatic.com/media/ad0976_669a0d850c1b464aa3f6c5b718ce6e43%7Emv2.png/v1/fit/w_2500,h_1330,al_c/ad0976_669a0d850c1b464aa3f6c5b718ce6e43%7Emv2.png"",""og:image:width"":""2500"",""og:image:height"":""1330"",""og:url"":""https://www.woodinvillesportsclub.com/membership-policies"",""og:site_name"":""WSC"",""og:type"":""website""}","1200"
"https://www.woodinvillesportsclub.com/newsletter-signup","https://www.woodinvillesportsclub.com/newsletter-signup","200","Newsletter Signup | WSC","","Stay Informed!","https://www.woodinvillesportsclub.com/newsletter-signup","{""og:title"":""Newsletter Signup | WSC"",""og:image"":""https://static.wixstatic.com/media/ad0976_669a0d850c1b464aa3f6c5b718ce6e43%7Emv2.png/v1/fit/w_2500,h_1330,al_c/ad0976_669a0d850c1b464aa3f6c5b718ce6e43%7Emv2.png"",""og:image:width"":""2500"",""og:image:height"":""1330"",""og:url"":""https://www.woodinvillesportsclub.com/newsletter-signup"",""og:site_name"":""WSC"",""og:type"":""website""}","20"
"https://www.woodinvillesportsclub.com/performance-training-team","https://www.woodinvillesportsclub.com/performance-training-team","200","Woodinville Fitness Center | Gym, Personal Training & More | Woodinville Sports Club","Experience Woodinville's spacious, uncrowded fitness center. Comfortable gym, personal training, group classes. Diverse equipment for all needs. Tennis and pickleball courts. Your relaxed wellness destination awaits!","Meet the Performance Training Team","https://www.woodinvillesportsclub.com/performance-training-team","{""og:title"":""Woodinville Fitness Center | Gym, Personal Training & More | Woodinville Sports Club"",""og:description"":""Experience Woodinville's spacious, uncrowded fitness center. Comfortable gym, personal training, group classes. Diverse equipment for all needs. Tennis and pickleball courts. Your relaxed wellness destination awaits!"",""og:image"":""https://static.wixstatic.com/media/ad0976_669a0d850c1b464aa3f6c5b718ce6e43%7Emv2.png/v1/fit/w_2500,h_1330,al_c/ad0976_669a0d850c1b464aa3f6c5b718ce6e43%7Emv2.png"",""og:image:width"":""2500"",""og:image:height"":""1330"",""og:url"":""https://www.woodinvillesportsclub.com/performance-training-team"",""og:site_name"":""WSC"",""og:type"":""website""}","431"
"https://www.woodinvillesportsclub.com/personal-training-interest-form","https://www.woodinvillesportsclub.com/personal-training-interest-form","200","Personal Training Interest Form | WSC","","","https://www.woodinvillesportsclub.com/personal-training-interest-form","{""og:title"":""Personal Training Interest Form | WSC"",""og:image"":""https://static.wixstatic.com/media/ad0976_669a0d850c1b464aa3f6c5b718ce6e43%7Emv2.png/v1/fit/w_2500,h_1330,al_c/ad0976_669a0d850c1b464aa3f6c5b718ce6e43%7Emv2.png"",""og:image:width"":""2500"",""og:image:height"":""1330"",""og:url"":""https://www.woodinvillesportsclub.com/personal-training-interest-form"",""og:site_name"":""WSC"",""og:type"":""website""}","143"
"https://www.woodinvillesportsclub.com/pickleball","https://www.woodinvillesportsclub.com/pickleball","200","Woodinville Pickleball | Courts, Drop-In, Tournaments | Woodinville Sports Club","Experience top-notch pickleball in Woodinville, WA at Woodinville Sports Club. Book courts, join open play sessions, or host private events in our iconic Dome. Perfect for all skill levels.","Pickleball at Woodinville Sports Club | Pickleball Open Play","https://www.woodinvillesportsclub.com/pickleball","{""og:title"":""Woodinville Pickleball | Courts, Drop-In, Tournaments | Woodinville Sports Club"",""og:description"":""Experience top-notch pickleball in Woodinville, WA at Woodinville Sports Club. Book courts, join open play sessions, or host private events in our iconic Dome. Perfect for all skill levels."",""og:image"":""https://static.wixstatic.com/media/ad0976_669a0d850c1b464aa3f6c5b718ce6e43%7Emv2.png/v1/fit/w_2500,h_1330,al_c/ad0976_669a0d850c1b464aa3f6c5b718ce6e43%7Emv2.png"",""og:image:width"":""2500"",""og:image:height"":""1330"",""og:url"":""https://www.woodinvillesportsclub.com/pickleball"",""og:site_name"":""WSC"",""og:type"":""website""}","1421"
"https://www.woodinvillesportsclub.com/pickleball-camp","https://www.woodinvillesportsclub.com/pickleball-camp","200","Youth Pickleball Summer Camps 2025 | Ages 7-12 | Woodinville Sports Club","Premier youth pickleball summer camps at Woodinville Sports Club! Professional coaching for ages 7-12, all skill levels. Weekly programs $375. Located in Woodinville, WA. Register now!","","https://www.woodinvillesportsclub.com/pickleball-camp","{""og:title"":""Youth Pickleball Summer Camps 2025 | Ages 7-12 | Woodinville Sports Club"",""og:description"":""Premier youth pickleball summer camps at Woodinville Sports Club! Professional coaching for ages 7-12, all skill levels. Weekly programs $375. Located in Woodinville, WA. Register now!"",""og:image"":""https://static.wixstatic.com/media/ad0976_669a0d850c1b464aa3f6c5b718ce6e43%7Emv2.png/v1/fit/w_2500,h_1330,al_c/ad0976_669a0d850c1b464aa3f6c5b718ce6e43%7Emv2.png"",""og:image:width"":""2500"",""og:image:height"":""1330"",""og:url"":""https://www.woodinvillesportsclub.com/pickleball-camp"",""og:site_name"":""WSC"",""og:type"":""website""}","276"
"https://www.woodinvillesportsclub.com/post/bellevue-golfers-looking-for-a-top-notch-driving-range-near-you","https://www.woodinvillesportsclub.com/post/bellevue-golfers-looking-for-a-top-notch-driving-range-near-you","200","Bellevue golfers, looking for a top-notch driving range near you?","","Bellevue golfers, looking for a top-notch driving range near you?","https://www.woodinvillesportsclub.com/post/bellevue-golfers-looking-for-a-top-notch-driving-range-near-you","{""og:title"":""Bellevue golfers, looking for a top-notch driving range near you?"",""og:description"":""Just minutes from Bellevue. Woodinville Sports Club Driving Range offers 24 bays, grass tees, a practice area and a laid back atmosphere."",""og:image"":""https://static.wixstatic.com/media/ad0976_8ae58ccda982480fb20fb114b15050f5~mv2.jpg/v1/fill/w_1000,h_667,al_c,q_85,usm_0.66_1.00_0.01/ad0976_8ae58ccda982480fb20fb114b15050f5~mv2.jpg"",""og:image:width"":""2500"",""og:image:height"":""1667"",""og:url"":""https://www.woodinvillesportsclub.com/post/bellevue-golfers-looking-for-a-top-notch-driving-range-near-you"",""og:site_name"":""WSC"",""og:type"":""article""}","253"
"https://www.woodinvillesportsclub.com/post/bothell-driving-range-woodinville-sports-club-golf","https://www.woodinvillesportsclub.com/post/bothell-driving-range-woodinville-sports-club-golf","200","Bothell Driving Range | Woodinville Sports Club Golf","Only 10 minutes from Bothell, swing by Woodinville Sports Club’s golf driving range with Toptracer tech, covered bays, and grass tees. Open daily 9 AM-10 PM!","Bothell Driving Range | Woodinville Sports Club Golf","https://www.woodinvillesportsclub.com/post/bothell-driving-range-woodinville-sports-club-golf","{""og:title"":""Bothell Driving Range | Woodinville Sports Club Golf"",""og:description"":""Only 10 minutes from Bothell, swing by Woodinville Sports Club’s golf driving range with Toptracer tech, covered bays, and grass tees. Open daily 9 AM-10 PM!Bothell’s Top Driving Range DestinationLooking for a premium golf driving range near Bothell? Woodinville Sports Club, just a quick 10-minute drive via WA-522, offers the ultimate practice spot at 15327 140th Pl NE, Woodinville, WA. With 23 covered bays, Toptracer technology, and seasonal grass tees, it’s perfect for Bothell golfers of all l"",""og:image"":""https://static.wixstatic.com/media/ad0976_ce3f0f2003b34eeb9eaf1d67f98930b2~mv2.jpg/v1/fill/w_1000,h_667,al_c,q_85,usm_0.66_1.00_0.01/ad0976_ce3f0f2003b34eeb9eaf1d67f98930b2~mv2.jpg"",""og:image:width"":""2500"",""og:image:height"":""1667"",""og:url"":""https://www.woodinvillesportsclub.com/post/bothell-driving-range-woodinville-sports-club-golf"",""og:site_name"":""WSC"",""og:type"":""article""}","298"
"https://www.woodinvillesportsclub.com/post/elevate-your-fitness-game-at-woodinville-sports-club","https://www.woodinvillesportsclub.com/post/elevate-your-fitness-game-at-woodinville-sports-club","200","Your Welcoming Fitness Home: Experience the Woodinville Sports Club Difference","","Your Welcoming Fitness Home: Experience the Woodinville Sports Club Difference","https://www.woodinvillesportsclub.com/post/elevate-your-fitness-game-at-woodinville-sports-club","{""og:title"":""Your Welcoming Fitness Home: Experience the Woodinville Sports Club Difference"",""og:description"":""Step into a fitness environment where everyone feels welcome, regardless of their fitness level or experience. At Woodinville Sports Club's Fitness Center, we've created a space that combines professional-grade equipment with a comfortable, supportive atmosphere that makes achieving your fitness goals both accessible and enjoyable.A Different Kind of Fitness ExperienceWelcoming EnvironmentFrom the moment you walk through our doors, you'll notice the difference: • Friendly, approachable staff rea"",""og:image"":""https://static.wixstatic.com/media/ad0976_812f03aaf0e74c12be1e1f266e4c68bd~mv2.jpeg/v1/fill/w_1000,h_750,al_c,q_85,usm_0.66_1.00_0.01/ad0976_812f03aaf0e74c12be1e1f266e4c68bd~mv2.jpeg"",""og:image:width"":""4032"",""og:image:height"":""3024"",""og:url"":""https://www.woodinvillesportsclub.com/post/elevate-your-fitness-game-at-woodinville-sports-club"",""og:site_name"":""WSC"",""og:type"":""article""}","443"
"https://www.woodinvillesportsclub.com/post/join-woodinville-sports-club-for-premier-sports-facilities","https://www.woodinvillesportsclub.com/post/join-woodinville-sports-club-for-premier-sports-facilities","200","Woodinville Sports Club: Where Community and Active Lifestyle Meet","","Woodinville Sports Club: Where Community and Active Lifestyle Meet","https://www.woodinvillesportsclub.com/post/join-woodinville-sports-club-for-premier-sports-facilities","{""og:title"":""Woodinville Sports Club: Where Community and Active Lifestyle Meet"",""og:description"":""Are you looking to take your athletic abilities to the next level? Look no further than Woodinville Sports Club, a premier sports facility that has been at the top of its game since 1979.In the heart of Woodinville, there's a vibrant hub where tennis enthusiasts perfect their serve, golfers refine their swing, and fitness devotees pursue their personal best. Welcome to Woodinville Sports Club (WSC), where state-of-the-art facilities meet community spirit to create an unparalleled sports and fitn"",""og:image"":""https://static.wixstatic.com/media/ad0976_c3d6ae18d44349d3b7a4bdffd477e6df~mv2.jpg/v1/fill/w_1000,h_750,al_c,q_85,usm_0.66_1.00_0.01/ad0976_c3d6ae18d44349d3b7a4bdffd477e6df~mv2.jpg"",""og:image:width"":""1912"",""og:image:height"":""1434"",""og:url"":""https://www.woodinvillesportsclub.com/post/join-woodinville-sports-club-for-premier-sports-facilities"",""og:site_name"":""WSC"",""og:type"":""article""}","570"
"https://www.woodinvillesportsclub.com/post/kirkland-driving-range-woodinville-sports-club","https://www.woodinvillesportsclub.com/post/kirkland-driving-range-woodinville-sports-club","200","Kirkland Driving Range | Woodinville Sports Club","","Kirkland Driving Range | Woodinville Sports Club","https://www.woodinvillesportsclub.com/post/kirkland-driving-range-woodinville-sports-club","{""og:title"":""Kirkland Driving Range | Woodinville Sports Club"",""og:description"":""12 minutes from Kirkland, hit the range at Woodinville Sports Club with Toptracer, covered bays, and grass tees. Open 9 AM-10 PM daily!"",""og:image"":""https://static.wixstatic.com/media/ad0976_ce3f0f2003b34eeb9eaf1d67f98930b2~mv2.jpg/v1/fill/w_1000,h_667,al_c,q_85,usm_0.66_1.00_0.01/ad0976_ce3f0f2003b34eeb9eaf1d67f98930b2~mv2.jpg"",""og:image:width"":""2500"",""og:image:height"":""1667"",""og:url"":""https://www.woodinvillesportsclub.com/post/kirkland-driving-range-woodinville-sports-club"",""og:site_name"":""WSC"",""og:type"":""article""}","226"
"https://www.woodinvillesportsclub.com/post/kirkland-parents-give-your-kids-the-ultimate-summer-at-woodinville-sports-club","https://www.woodinvillesportsclub.com/post/kirkland-parents-give-your-kids-the-ultimate-summer-at-woodinville-sports-club","200","Kirkland Parents: Give Your Kids the Ultimate Summer at Woodinville Sports Club!","","Kirkland Parents: Give Your Kids the Ultimate Summer at Woodinville Sports Club!","https://www.woodinvillesportsclub.com/post/kirkland-parents-give-your-kids-the-ultimate-summer-at-woodinville-sports-club","{""og:title"":""Kirkland Parents: Give Your Kids the Ultimate Summer at Woodinville Sports Club!"",""og:description"":""Kirkland Parents: Give Your Kids the Ultimate Summer at Woodinville Sports Club!"",""og:image"":""https://static.wixstatic.com/media/ad0976_a8288c7c263b469291a97cfc06687fa6~mv2.jpg/v1/fill/w_1000,h_671,al_c,q_85,usm_0.66_1.00_0.01/ad0976_a8288c7c263b469291a97cfc06687fa6~mv2.jpg"",""og:image:width"":""3920"",""og:image:height"":""2632"",""og:url"":""https://www.woodinvillesportsclub.com/post/kirkland-parents-give-your-kids-the-ultimate-summer-at-woodinville-sports-club"",""og:site_name"":""WSC"",""og:type"":""article""}","377"
"https://www.woodinvillesportsclub.com/post/premier-tennis-courts-classes-in-woodinville-wa","https://www.woodinvillesportsclub.com/post/premier-tennis-courts-classes-in-woodinville-wa","200","Premier Tennis Courts & Classes in Woodinville, WA","","Premier Tennis Courts & Classes in Woodinville, WA","https://www.woodinvillesportsclub.com/post/premier-tennis-courts-classes-in-woodinville-wa","{""og:title"":""Premier Tennis Courts & Classes in Woodinville, WA"",""og:description"":""Welcome to Woodinville Sports Club, the top destination for tennis enthusiasts in Woodinville, Washington."",""og:image"":""https://static.wixstatic.com/media/ad0976_be6aa265bf094c8081dcd53b13106410~mv2.jpg/v1/fill/w_1000,h_667,al_c,q_85,usm_0.66_1.00_0.01/ad0976_be6aa265bf094c8081dcd53b13106410~mv2.jpg"",""og:image:width"":""1920"",""og:image:height"":""1280"",""og:url"":""https://www.woodinvillesportsclub.com/post/premier-tennis-courts-classes-in-woodinville-wa"",""og:site_name"":""WSC"",""og:type"":""article""}","782"
"https://www.woodinvillesportsclub.com/post/redmond-driving-range-toptracer-golf-at-wsc","https://www.woodinvillesportsclub.com/post/redmond-driving-range-toptracer-golf-at-wsc","200","Driving Range Near Redmond: Toptracer Golf at Woodinville Sports Club","Redmond golfers, your perfect practice spot is just a short drive away at Woodinville Sports Club Driving Range. Located at 15327 140th Pl NE, our facility boasts Toptracer technology, 23 covered bays, and a short-game area—only 15 minutes from Redmond via WA-520.","Redmond Driving Range | Toptracer Golf at WSC","https://www.woodinvillesportsclub.com/post/redmond-driving-range-toptracer-golf-at-wsc","{""og:title"":""Driving Range Near Redmond: Toptracer Golf at Woodinville Sports Club"",""og:description"":""Redmond’s Top Driving Range DestinationRedmond golfers, your perfect practice spot is just a short drive away at Woodinville Sports Club Driving Range. Located at 15327 140th Pl NE, our facility boasts Toptracer technology, 23 covered bays, and a short-game area—only 15 minutes from Redmond via WA-520.What Redmond Golfers Get • Cutting-Edge Tech: Toptracer for precision and entertainment. • All-Weather Bays: Covered and heated for Redmond’s variable weather. • Quick Access: Near Redmond’s tech h"",""og:image"":""https://static.wixstatic.com/media/ad0976_8ae58ccda982480fb20fb114b15050f5~mv2.jpg/v1/fill/w_1000,h_667,al_c,q_85,usm_0.66_1.00_0.01/ad0976_8ae58ccda982480fb20fb114b15050f5~mv2.jpg"",""og:image:width"":""2500"",""og:image:height"":""1667"",""og:url"":""https://www.woodinvillesportsclub.com/post/redmond-driving-range-toptracer-golf-at-wsc"",""og:site_name"":""WSC"",""og:type"":""article""}","222"
"https://www.woodinvillesportsclub.com/post/summer-camps-near-me-woodinville-wa","https://www.woodinvillesportsclub.com/post/summer-camps-near-me-woodinville-wa","200","Woodinville Summer Camps 2025: Tennis, Golf, Adventure, and Farm Fun!","Explore Woodinville summer camps for 2024! Tennis, golf, adventure, and farm fun await. Secure your spot at Woodinville summer camps today!","Woodinville Summer Camps 2025: Tennis, Golf, Adventure, and Farm Fun!","https://www.woodinvillesportsclub.com/post/summer-camps-near-me-woodinville-wa","{""og:title"":""Woodinville Summer Camps 2025: Tennis, Golf, Adventure, and Farm Fun!"",""og:description"":""Summer Camps in Woodinville at Woodinville Sports Club. Tennis, Golf, Adventure and Farm Camps. Great healthy fun this summer!"",""og:image"":""https://static.wixstatic.com/media/ad0976_053481ec20c34d2dbcf7c6ddf0954c78~mv2.jpg/v1/fill/w_1000,h_563,al_c,q_85,usm_0.66_1.00_0.01/ad0976_053481ec20c34d2dbcf7c6ddf0954c78~mv2.jpg"",""og:image:width"":""1052"",""og:image:height"":""592"",""og:url"":""https://www.woodinvillesportsclub.com/post/summer-camps-near-me-woodinville-wa"",""og:site_name"":""WSC"",""og:type"":""article""}","617"
"https://www.woodinvillesportsclub.com/post/top-summer-camps-near-bellevue-for-2025","https://www.woodinvillesportsclub.com/post/top-summer-camps-near-bellevue-for-2025","200","Top Summer Camps Near Bellevue for 2025","","Top Summer Camps Near Bellevue for 2025","https://www.woodinvillesportsclub.com/post/top-summer-camps-near-bellevue-for-2025","{""og:title"":""Top Summer Camps Near Bellevue for 2025"",""og:description"":""Summer Camps near Bellevue. Tennis, Golf, Adventure Camps"",""og:image"":""https://static.wixstatic.com/media/ad0976_2a519de74f2049d2b5ed820551608519~mv2.jpg/v1/fill/w_1000,h_667,al_c,q_85,usm_0.66_1.00_0.01/ad0976_2a519de74f2049d2b5ed820551608519~mv2.jpg"",""og:image:width"":""2500"",""og:image:height"":""1667"",""og:url"":""https://www.woodinvillesportsclub.com/post/top-summer-camps-near-bellevue-for-2025"",""og:site_name"":""WSC"",""og:type"":""article""}","423"
"https://www.woodinvillesportsclub.com/post/top-tennis-courts-classes-near-bothell-wa","https://www.woodinvillesportsclub.com/post/top-tennis-courts-classes-near-bothell-wa","200","Top Tennis Courts & Classes Near Bothell, WA","","Top Tennis Courts & Classes Near Bothell, WA","https://www.woodinvillesportsclub.com/post/top-tennis-courts-classes-near-bothell-wa","{""og:title"":""Top Tennis Courts & Classes Near Bothell, WA"",""og:description"":""Just 10 minutes from Bothell, WA! Play on indoor/outdoor tennis courts or join youth/adult tennis classes at Woodinville Sports Club. No dues, pay-as-you-play. Book now!"",""og:image"":""https://static.wixstatic.com/media/ad0976_be6aa265bf094c8081dcd53b13106410~mv2.jpg/v1/fill/w_1000,h_667,al_c,q_85,usm_0.66_1.00_0.01/ad0976_be6aa265bf094c8081dcd53b13106410~mv2.jpg"",""og:image:width"":""1920"",""og:image:height"":""1280"",""og:url"":""https://www.woodinvillesportsclub.com/post/top-tennis-courts-classes-near-bothell-wa"",""og:site_name"":""WSC"",""og:type"":""article""}","758"
"https://www.woodinvillesportsclub.com/post/training-in-the-pacific-northwest-making-the-most-of-covered-bay-practice","https://www.woodinvillesportsclub.com/post/training-in-the-pacific-northwest-making-the-most-of-covered-bay-practice","200","Training in the Pacific Northwest: Making the Most of Covered Bay Practice","","Training in the Pacific Northwest: Making the Most of Covered Bay Practice","https://www.woodinvillesportsclub.com/post/training-in-the-pacific-northwest-making-the-most-of-covered-bay-practice","{""og:title"":""Training in the Pacific Northwest: Making the Most of Covered Bay Practice"",""og:description"":""Don't let the Pacific Northwest winter dampen your golf game. At Woodinville Sports Club, our 23 covered, state-of-the-art practice bays powered by TopTracer technology provide the perfect environment to maintain and even improve your skills during the off-season. Here's your comprehensive guide to maximizing your winter practice sessions and emerging stronger in spring.The Winter Practice AdvantageWhy Winter Training MattersWhile fair-weather golfers hibernate, dedicated players can: • Develop"",""og:image"":""https://static.wixstatic.com/media/ad0976_48ff883e50be4609beac9011ffb6ac0f~mv2.jpg/v1/fill/w_1000,h_667,al_c,q_85,usm_0.66_1.00_0.01/ad0976_48ff883e50be4609beac9011ffb6ac0f~mv2.jpg"",""og:image:width"":""2500"",""og:image:height"":""1667"",""og:url"":""https://www.woodinvillesportsclub.com/post/training-in-the-pacific-northwest-making-the-most-of-covered-bay-practice"",""og:site_name"":""WSC"",""og:type"":""article""}","575"
"https://www.woodinvillesportsclub.com/post/uncovering-the-ultimate-golf-experience-explore-our-woodinville-driving-range-today","https://www.woodinvillesportsclub.com/post/uncovering-the-ultimate-golf-experience-explore-our-woodinville-driving-range-today","200","Uncovering the Ultimate Golf Experience: Explore Our Woodinville Driving Range Today","Woodinville's favorite golf driving range at Woodinville Sports Club","Uncovering the Ultimate Golf Experience: Explore Our Woodinville Driving Range Today","https://www.woodinvillesportsclub.com/post/uncovering-the-ultimate-golf-experience-explore-our-woodinville-driving-range-today","{""og:title"":""Uncovering the Ultimate Golf Experience: Explore Our Woodinville Driving Range Today"",""og:description"":""Learn about Woodinville Sports Club's inviting golf driving range."",""og:image"":""https://static.wixstatic.com/media/ad0976_ce3f0f2003b34eeb9eaf1d67f98930b2~mv2.jpg/v1/fill/w_1000,h_667,al_c,q_85,usm_0.66_1.00_0.01/ad0976_ce3f0f2003b34eeb9eaf1d67f98930b2~mv2.jpg"",""og:image:width"":""2500"",""og:image:height"":""1667"",""og:url"":""https://www.woodinvillesportsclub.com/post/uncovering-the-ultimate-golf-experience-explore-our-woodinville-driving-range-today"",""og:site_name"":""WSC"",""og:type"":""article""}","778"
"https://www.woodinvillesportsclub.com/post/wsc-2025-pricing-and-policy-changes","https://www.woodinvillesportsclub.com/post/wsc-2025-pricing-and-policy-changes","200","WSC 2025 Pricing & Policy Changes","","WSC 2025 Pricing & Policy Changes","https://www.woodinvillesportsclub.com/post/wsc-2025-pricing-and-policy-changes","{""og:title"":""WSC 2025 Pricing & Policy Changes"",""og:description"":""Dear Valued Members and Guests,As we look back on 2024, we are excited to see how much the WSC community has grown, with memberships increasing by 20% and expansion in our offerings across tennis, golf, pickleball, and fitness. As our club continues to grow and thrive, we're implementing several important updates effective January 1, 2025. These changes will enable our club to reinvest into the team, our member community, and the facility. For each change, we want to share what's changing, why w"",""og:image"":""https://static.wixstatic.com/media/f15b26_43c0576ee0d54cb8ad00bb7bd2a6ff5d~mv2.jpg/v1/fill/w_1000,h_667,al_c,q_85,usm_0.66_1.00_0.01/f15b26_43c0576ee0d54cb8ad00bb7bd2a6ff5d~mv2.jpg"",""og:image:width"":""1500"",""og:image:height"":""1000"",""og:url"":""https://www.woodinvillesportsclub.com/post/wsc-2025-pricing-and-policy-changes"",""og:site_name"":""WSC"",""og:type"":""article""}","937"
"https://www.woodinvillesportsclub.com/post/wsc-updated-court-booking-guide","https://www.woodinvillesportsclub.com/post/wsc-updated-court-booking-guide","200","WSC Updated Court Booking Guide","","WSC Updated Court Booking Guide","https://www.woodinvillesportsclub.com/post/wsc-updated-court-booking-guide","{""og:title"":""WSC Updated Court Booking Guide"",""og:description"":""WSC Members - We are moving to ONE reservation type for tennis bookings moving forward. It is called “Tennis Court Booking (V)”. The (V) stands for variable as you can pick 30, 60, or 90 minute duration at time of booking. Three additional reminders: • Your reservation will not go through if it creates a 30 minute gap on the scheduler. We are doing this to maximize court availability for all our members and passholders. • You must add other players’ names, including guests (non-members), to your"",""og:image"":""https://static.wixstatic.com/media/f15b26_7c215688ea5946d29137058ac077cd41~mv2.png/v1/fill/w_750,h_1000,al_c,q_90,usm_0.66_1.00_0.01/f15b26_7c215688ea5946d29137058ac077cd41~mv2.png"",""og:image:width"":""3024"",""og:image:height"":""4032"",""og:url"":""https://www.woodinvillesportsclub.com/post/wsc-updated-court-booking-guide"",""og:site_name"":""WSC"",""og:type"":""article""}","601"
"https://www.woodinvillesportsclub.com/racket-stringing","https://www.woodinvillesportsclub.com/racket-stringing","200","Racket Stringing | WSC","Get your racket strung by experts at Woodinville Sports Club! Wide range of strings, precise tension, and quality service for all levels.","Professional Tennis Racket Stringing Services in Woodinville, WA","https://www.woodinvillesportsclub.com/racket-stringing","{""og:title"":""Racket Stringing | WSC"",""og:description"":""Get your racket strung by experts at Woodinville Sports Club! Wide range of strings, precise tension, and quality service for all levels."",""og:image"":""https://static.wixstatic.com/media/ad0976_669a0d850c1b464aa3f6c5b718ce6e43%7Emv2.png/v1/fit/w_2500,h_1330,al_c/ad0976_669a0d850c1b464aa3f6c5b718ce6e43%7Emv2.png"",""og:image:width"":""2500"",""og:image:height"":""1330"",""og:url"":""https://www.woodinvillesportsclub.com/racket-stringing"",""og:site_name"":""WSC"",""og:type"":""website""}","196"
"https://www.woodinvillesportsclub.com/registration-instructions","https://www.woodinvillesportsclub.com/registration-instructions","200","Multi-Sport Adventure Club for Kids | WSC Woodinville","Active multi-sport training for kids 5-10. Learn about pro athletes from around the world - focus on a different country each week. In Woodinville. Full & 1/2-day.","REGISTRATION INSTRUCTIONS","https://www.woodinvillesportsclub.com/registration-instructions","{""og:title"":""Multi-Sport Adventure Club for Kids | WSC Woodinville"",""og:description"":""Active multi-sport training for kids 5-10. Learn about pro athletes from around the world - focus on a different country each week. In Woodinville. Full & 1/2-day."",""og:image"":""https://static.wixstatic.com/media/ad0976_669a0d850c1b464aa3f6c5b718ce6e43%7Emv2.png/v1/fit/w_2500,h_1330,al_c/ad0976_669a0d850c1b464aa3f6c5b718ce6e43%7Emv2.png"",""og:image:width"":""2500"",""og:image:height"":""1330"",""og:url"":""https://www.woodinvillesportsclub.com/registration-instructions"",""og:site_name"":""WSC"",""og:type"":""website""}","413"
"https://www.woodinvillesportsclub.com/rpm-elite-application","https://www.woodinvillesportsclub.com/rpm-elite-application","200","RPM Elite Application Form | WSC","","RPM Elite Application Form: 2025 Winter 3 Session","https://www.woodinvillesportsclub.com/rpm-elite-application","{""og:title"":""RPM Elite Application Form | WSC"",""og:image"":""https://static.wixstatic.com/media/ad0976_669a0d850c1b464aa3f6c5b718ce6e43%7Emv2.png/v1/fit/w_2500,h_1330,al_c/ad0976_669a0d850c1b464aa3f6c5b718ce6e43%7Emv2.png"",""og:image:width"":""2500"",""og:image:height"":""1330"",""og:url"":""https://www.woodinvillesportsclub.com/rpm-elite-application"",""og:site_name"":""WSC"",""og:type"":""website""}","181"
"https://www.woodinvillesportsclub.com/sact","https://www.woodinvillesportsclub.com/sact","200","SACT | WSC","","","https://www.woodinvillesportsclub.com/sact","{""og:title"":""SACT | WSC"",""og:image"":""https://static.wixstatic.com/media/ad0976_669a0d850c1b464aa3f6c5b718ce6e43%7Emv2.png/v1/fit/w_2500,h_1330,al_c/ad0976_669a0d850c1b464aa3f6c5b718ce6e43%7Emv2.png"",""og:image:width"":""2500"",""og:image:height"":""1330"",""og:url"":""https://www.woodinvillesportsclub.com/sact"",""og:site_name"":""WSC"",""og:type"":""website""}","1090"
"https://www.woodinvillesportsclub.com/strength-and-conditioning","https://www.woodinvillesportsclub.com/strength-and-conditioning","200","Woodinville Fitness Center | Gym, Personal Training & More | Woodinville Sports Club","Experience Woodinville's spacious, uncrowded fitness center. Comfortable gym, personal training, group classes. Diverse equipment for all needs. Tennis and pickleball courts. Your relaxed wellness destination awaits!","APL Strength & Conditioning Training ​   | ​ WSC's Athletic Performance Lab (APL) strength and conditioning program delivers elite training for youth and adult athletes in our APL Training Center&mdash;the Pacific Northwest's only dedicated high-performance facility for sport-specific athletic development. Programming ranges from small group sessions to one-on-one personal training. | Data-Driven, Sport-Specific  Training","https://www.woodinvillesportsclub.com/strength-and-conditioning","{""og:title"":""Woodinville Fitness Center | Gym, Personal Training & More | Woodinville Sports Club"",""og:description"":""Experience Woodinville's spacious, uncrowded fitness center. Comfortable gym, personal training, group classes. Diverse equipment for all needs. Tennis and pickleball courts. Your relaxed wellness destination awaits!"",""og:image"":""https://static.wixstatic.com/media/ad0976_669a0d850c1b464aa3f6c5b718ce6e43%7Emv2.png/v1/fit/w_2500,h_1330,al_c/ad0976_669a0d850c1b464aa3f6c5b718ce6e43%7Emv2.png"",""og:image:width"":""2500"",""og:image:height"":""1330"",""og:url"":""https://www.woodinvillesportsclub.com/strength-and-conditioning"",""og:site_name"":""WSC"",""og:type"":""website""}","1201"
"https://www.woodinvillesportsclub.com/summer","https://www.woodinvillesportsclub.com/summer","200","Woodinville Summer Programs | WSC Tennis, Golf, & Adventure Club","WSC Summer Programs: tennis, golf & adventure training programs for ages 3-18. Elite coaching, Athletic Development integrated daily, 67-acre campus. June 29-August 30.","SUMMER TRAINING @ WSC | Join Us for an Epic Summer!","https://www.woodinvillesportsclub.com/summer","{""og:title"":""Woodinville Summer Programs | WSC Tennis, Golf, & Adventure Club"",""og:description"":""WSC Summer Programs: tennis, golf & adventure training programs for ages 3-18. Elite coaching, Athletic Development integrated daily, 67-acre campus. June 29-August 30."",""og:image"":""https://static.wixstatic.com/media/ad0976_669a0d850c1b464aa3f6c5b718ce6e43%7Emv2.png/v1/fit/w_2500,h_1330,al_c/ad0976_669a0d850c1b464aa3f6c5b718ce6e43%7Emv2.png"",""og:image:width"":""2500"",""og:image:height"":""1330"",""og:url"":""https://www.woodinvillesportsclub.com/summer"",""og:site_name"":""WSC"",""og:type"":""website""}","562"
"https://www.woodinvillesportsclub.com/summer-camp-signup","https://www.woodinvillesportsclub.com/summer-camp-signup","200","Summer Camp Sign Up | WSC","Give your kids an unforgettable summer at Woodinville Sports Club! Tennis camps, golf camps, multi-sport camps and even a unique Farm Camp for all ages and skill levels. Register early and save!","WSC Summer Camp Signup","https://www.woodinvillesportsclub.com/summer-camp-signup","{""og:title"":""Summer Camp Sign Up | WSC"",""og:description"":""Give your kids an unforgettable summer at Woodinville Sports Club! Tennis camps, golf camps, multi-sport camps and even a unique Farm Camp for all ages and skill levels. Register early and save!"",""og:image"":""https://static.wixstatic.com/media/ad0976_669a0d850c1b464aa3f6c5b718ce6e43%7Emv2.png/v1/fit/w_2500,h_1330,al_c/ad0976_669a0d850c1b464aa3f6c5b718ce6e43%7Emv2.png"",""og:image:width"":""2500"",""og:image:height"":""1330"",""og:url"":""https://www.woodinvillesportsclub.com/summer-camp-signup"",""og:site_name"":""WSC"",""og:type"":""website""}","9"
"https://www.woodinvillesportsclub.com/summer-camps-adventureclub","https://www.woodinvillesportsclub.com/summer-camps-adventureclub","200","Multi-Sport Adventure Club for Kids | WSC Woodinville","Active multi-sport training for kids 5-10. Learn about pro athletes from around the world - focus on a different country each week. In Woodinville. Full & 1/2-day.","PLAY | EVERYTHING | ADVENTURE CLUB @ WSC","https://www.woodinvillesportsclub.com/summer-camps-adventureclub","{""og:title"":""Multi-Sport Adventure Club for Kids | WSC Woodinville"",""og:description"":""Active multi-sport training for kids 5-10. Learn about pro athletes from around the world - focus on a different country each week. In Woodinville. Full & 1/2-day."",""og:image"":""https://static.wixstatic.com/media/ad0976_669a0d850c1b464aa3f6c5b718ce6e43%7Emv2.png/v1/fit/w_2500,h_1330,al_c/ad0976_669a0d850c1b464aa3f6c5b718ce6e43%7Emv2.png"",""og:image:width"":""2500"",""og:image:height"":""1330"",""og:url"":""https://www.woodinvillesportsclub.com/summer-camps-adventureclub"",""og:site_name"":""WSC"",""og:type"":""website""}","428"
"https://www.woodinvillesportsclub.com/summer-camps-golf","https://www.woodinvillesportsclub.com/summer-camps-golf","200","Tier 1 Golf Academy Summer Training | WSC Woodinville","Tier 1 Golf Academy summer training for all skill levels. WGTF Master-Certified coaching, indoor simulators, daily athletic development. Ages 7-18. Full & 1/2-day.","YOUR HOMEBASE FOR SUMMER TRAINING | SUMMER GOLF @ WSC","https://www.woodinvillesportsclub.com/summer-camps-golf","{""og:title"":""Tier 1 Golf Academy Summer Training | WSC Woodinville"",""og:description"":""Tier 1 Golf Academy summer training for all skill levels. WGTF Master-Certified coaching, indoor simulators, daily athletic development. Ages 7-18. Full & 1/2-day."",""og:image"":""https://static.wixstatic.com/media/ad0976_669a0d850c1b464aa3f6c5b718ce6e43%7Emv2.png/v1/fit/w_2500,h_1330,al_c/ad0976_669a0d850c1b464aa3f6c5b718ce6e43%7Emv2.png"",""og:image:width"":""2500"",""og:image:height"":""1330"",""og:url"":""https://www.woodinvillesportsclub.com/summer-camps-golf"",""og:site_name"":""WSC"",""og:type"":""website""}","815"
"https://www.woodinvillesportsclub.com/summer-camps-tennis","https://www.woodinvillesportsclub.com/summer-camps-tennis","200","Summer Tennis Training | All Levels | WSC Woodinville","Summer tennis for all levels: Tier 1 Core to Academy. World-class coaching, professional facilities, daily athletic development. Ages 3-18. Full &1/2-day options.","TRAIN WHILE THEY REST | SUMMER TENNIS @ WSC","https://www.woodinvillesportsclub.com/summer-camps-tennis","{""og:title"":""Summer Tennis Training | All Levels | WSC Woodinville"",""og:description"":""Summer tennis for all levels: Tier 1 Core to Academy. World-class coaching, professional facilities, daily athletic development. Ages 3-18. Full &1/2-day options."",""og:image"":""https://static.wixstatic.com/media/ad0976_669a0d850c1b464aa3f6c5b718ce6e43%7Emv2.png/v1/fit/w_2500,h_1330,al_c/ad0976_669a0d850c1b464aa3f6c5b718ce6e43%7Emv2.png"",""og:image:width"":""2500"",""og:image:height"":""1330"",""og:url"":""https://www.woodinvillesportsclub.com/summer-camps-tennis"",""og:site_name"":""WSC"",""og:type"":""website""}","795"
"https://www.woodinvillesportsclub.com/tennis","https://www.woodinvillesportsclub.com/tennis","200","Woodinville Tennis | Indoor Courts, Lessons & Programs | Woodinville Sports Club","Experience premier tennis at Woodinville Sports Club. 8 indoor courts, 1 clay court. No monthly dues. Book courts, join elite junior programs, adult clinics. Pay-as-you-play flexibility. Your tennis journey starts here!","Elevate Your Tennis Game at WSC","https://www.woodinvillesportsclub.com/tennis","{""og:title"":""Woodinville Tennis | Indoor Courts, Lessons & Programs | Woodinville Sports Club"",""og:description"":""Experience premier tennis at Woodinville Sports Club. 8 indoor courts, 1 clay court. No monthly dues. Book courts, join elite junior programs, adult clinics. Pay-as-you-play flexibility. Your tennis journey starts here!"",""og:image"":""https://static.wixstatic.com/media/ad0976_669a0d850c1b464aa3f6c5b718ce6e43%7Emv2.png/v1/fit/w_2500,h_1330,al_c/ad0976_669a0d850c1b464aa3f6c5b718ce6e43%7Emv2.png"",""og:image:width"":""2500"",""og:image:height"":""1330"",""og:url"":""https://www.woodinvillesportsclub.com/tennis"",""og:site_name"":""WSC"",""og:type"":""website""}","261"
"https://www.woodinvillesportsclub.com/testimonials","https://www.woodinvillesportsclub.com/testimonials","200","Testimonials | WSC","","CLIENT TESTIMONIALS","https://www.woodinvillesportsclub.com/testimonials","{""og:title"":""Testimonials | WSC"",""og:image"":""https://static.wixstatic.com/media/ad0976_669a0d850c1b464aa3f6c5b718ce6e43%7Emv2.png/v1/fit/w_2500,h_1330,al_c/ad0976_669a0d850c1b464aa3f6c5b718ce6e43%7Emv2.png"",""og:image:width"":""2500"",""og:image:height"":""1330"",""og:url"":""https://www.woodinvillesportsclub.com/testimonials"",""og:site_name"":""WSC"",""og:type"":""website""}","150"
"https://www.woodinvillesportsclub.com/tier-1-classes-application-form","https://www.woodinvillesportsclub.com/tier-1-classes-application-form","200","Tier 1 Classes Application Form | WSC","","Tier 1 Classes Application Form: 2025 Spring Session 2","https://www.woodinvillesportsclub.com/tier-1-classes-application-form","{""og:title"":""Tier 1 Classes Application Form | WSC"",""og:image"":""https://static.wixstatic.com/media/ad0976_669a0d850c1b464aa3f6c5b718ce6e43%7Emv2.png/v1/fit/w_2500,h_1330,al_c/ad0976_669a0d850c1b464aa3f6c5b718ce6e43%7Emv2.png"",""og:image:width"":""2500"",""og:image:height"":""1330"",""og:url"":""https://www.woodinvillesportsclub.com/tier-1-classes-application-form"",""og:site_name"":""WSC"",""og:type"":""website""}","174"
"https://www.woodinvillesportsclub.com/tier-1-performance","https://www.woodinvillesportsclub.com/tier-1-performance","200","Tier 1 Performance | WSC","Tier 1 Performance in Woodinville, WA, is the Pacific Northwest's premier full-time tennis academy. We offer unparalleled training: expert coaching, strength & conditioning, mental skills, recovery, and a dedicated on-site house for athletes. Prepare for college tennis and beyond. Get a consultation.","","https://www.woodinvillesportsclub.com/tier-1-performance","{""og:title"":""Tier 1 Performance | WSC"",""og:description"":""Tier 1 Performance in Woodinville, WA, is the Pacific Northwest's premier full-time tennis academy. We offer unparalleled training: expert coaching, strength & conditioning, mental skills, recovery, and a dedicated on-site house for athletes. Prepare for college tennis and beyond. Get a consultation."",""og:image"":""https://static.wixstatic.com/media/ad0976_669a0d850c1b464aa3f6c5b718ce6e43%7Emv2.png/v1/fit/w_2500,h_1330,al_c/ad0976_669a0d850c1b464aa3f6c5b718ce6e43%7Emv2.png"",""og:image:width"":""2500"",""og:image:height"":""1330"",""og:url"":""https://www.woodinvillesportsclub.com/tier-1-performance"",""og:site_name"":""WSC"",""og:type"":""website""}","284"
"https://www.woodinvillesportsclub.com/tier1-auto-enroll-policy","https://www.woodinvillesportsclub.com/tier1-auto-enroll-policy","200","Tier 1 Academy Policy | WSC","Policy for our Tier 1 Tennis Academy, which outlines the terms and conditions of our auto-enrollment policy.","Tier 1 Academy Auto-Enrollment Policy","https://www.woodinvillesportsclub.com/tier1-auto-enroll-policy","{""og:title"":""Tier 1 Academy Policy | WSC"",""og:description"":""Policy for our Tier 1 Tennis Academy, which outlines the terms and conditions of our auto-enrollment policy."",""og:image"":""https://static.wixstatic.com/media/ad0976_669a0d850c1b464aa3f6c5b718ce6e43%7Emv2.png/v1/fit/w_2500,h_1330,al_c/ad0976_669a0d850c1b464aa3f6c5b718ce6e43%7Emv2.png"",""og:image:width"":""2500"",""og:image:height"":""1330"",""og:url"":""https://www.woodinvillesportsclub.com/tier1-auto-enroll-policy"",""og:site_name"":""WSC"",""og:type"":""website""}","372"
"https://www.woodinvillesportsclub.com/tier1coreitennis","https://www.woodinvillesportsclub.com/tier1coreitennis","200","Tier 1 Core Tennis (RPM) | WSC","Elevate your child's tennis skills with Tier 1 Core Tennis (formerly RPM) at Woodinville Sports Club. From beginners to elite players, our structured programs offer personalized coaching and clear developmental pathways for ages 5-18+.","Tier 1 Core Tennis (formerly RPM) | Friday Night UTR Matchplay","https://www.woodinvillesportsclub.com/tier1coreitennis","{""og:title"":""Tier 1 Core Tennis (RPM) | WSC"",""og:description"":""Elevate your child's tennis skills with Tier 1 Core Tennis (formerly RPM) at Woodinville Sports Club. From beginners to elite players, our structured programs offer personalized coaching and clear developmental pathways for ages 5-18+."",""og:image"":""https://static.wixstatic.com/media/ad0976_669a0d850c1b464aa3f6c5b718ce6e43%7Emv2.png/v1/fit/w_2500,h_1330,al_c/ad0976_669a0d850c1b464aa3f6c5b718ce6e43%7Emv2.png"",""og:image:width"":""2500"",""og:image:height"":""1330"",""og:url"":""https://www.woodinvillesportsclub.com/tier1coreitennis"",""og:site_name"":""WSC"",""og:type"":""website""}","588"
"https://www.woodinvillesportsclub.com/tier1golfacademy","https://www.woodinvillesportsclub.com/tier1golfacademy","200","WSC Tier 1 Golf Academy","Experience Woodinville's new Tier 1 Golf Academy. Youth ages 7-18, from first swing to elite performance 
Train at our heated driving range and in our new indoor Swing Lab. Driving range includes grass tees and a 2.5 acre short-game practice area. Academy classes are taught by WGTF Master Certified Coach, Daniel Jarvie","Tier 1 Golf Academy | NEW   Tier 1 Junior Golf Academy","https://www.woodinvillesportsclub.com/tier1golfacademy","{""og:title"":""WSC Tier 1 Golf Academy"",""og:description"":""Experience Woodinville's new Tier 1 Golf Academy. Youth ages 7-18, from first swing to elite performance \nTrain at our heated driving range and in our new indoor Swing Lab. Driving range includes grass tees and a 2.5 acre short-game practice area. Academy classes are taught by WGTF Master Certified Coach, Daniel Jarvie"",""og:image"":""https://static.wixstatic.com/media/ad0976_669a0d850c1b464aa3f6c5b718ce6e43%7Emv2.png/v1/fit/w_2500,h_1330,al_c/ad0976_669a0d850c1b464aa3f6c5b718ce6e43%7Emv2.png"",""og:image:width"":""2500"",""og:image:height"":""1330"",""og:url"":""https://www.woodinvillesportsclub.com/tier1golfacademy"",""og:site_name"":""WSC"",""og:type"":""website""}","460"
"https://www.woodinvillesportsclub.com/tier1golfftaform","https://www.woodinvillesportsclub.com/tier1golfftaform","200","Tier 1 Full-Time Golf Academy Form | WSC","Give your kids an unforgettable summer at Woodinville Sports Club! Tennis camps, golf camps, multi-sport camps and even a unique Farm Camp for all ages and skill levels. Register early and save!","","https://www.woodinvillesportsclub.com/tier1golfftaform","{""og:title"":""Tier 1 Full-Time Golf Academy Form | WSC"",""og:description"":""Give your kids an unforgettable summer at Woodinville Sports Club! Tennis camps, golf camps, multi-sport camps and even a unique Farm Camp for all ages and skill levels. Register early and save!"",""og:image"":""https://static.wixstatic.com/media/ad0976_669a0d850c1b464aa3f6c5b718ce6e43%7Emv2.png/v1/fit/w_2500,h_1330,al_c/ad0976_669a0d850c1b464aa3f6c5b718ce6e43%7Emv2.png"",""og:image:width"":""2500"",""og:image:height"":""1330"",""og:url"":""https://www.woodinvillesportsclub.com/tier1golfftaform"",""og:site_name"":""WSC"",""og:type"":""website""}","103"
"https://www.woodinvillesportsclub.com/upcoming-session-dates","https://www.woodinvillesportsclub.com/upcoming-session-dates","200","Upcoming Session Dates | WSC","List of start and end dates and session registration opening dates for WSC's 2025-2026 programming.","Upcoming Session Dates","https://www.woodinvillesportsclub.com/upcoming-session-dates","{""og:title"":""Upcoming Session Dates | WSC"",""og:description"":""List of start and end dates and session registration opening dates for WSC's 2025-2026 programming."",""og:image"":""https://static.wixstatic.com/media/ad0976_669a0d850c1b464aa3f6c5b718ce6e43%7Emv2.png/v1/fit/w_2500,h_1330,al_c/ad0976_669a0d850c1b464aa3f6c5b718ce6e43%7Emv2.png"",""og:image:width"":""2500"",""og:image:height"":""1330"",""og:url"":""https://www.woodinvillesportsclub.com/upcoming-session-dates"",""og:site_name"":""WSC"",""og:type"":""website""}","251"
"https://www.woodinvillesportsclub.com/usta","https://www.woodinvillesportsclub.com/usta","200","USTA | WSC","","","https://www.woodinvillesportsclub.com/usta","{""og:title"":""USTA | WSC"",""og:image"":""https://static.wixstatic.com/media/ad0976_669a0d850c1b464aa3f6c5b718ce6e43%7Emv2.png/v1/fit/w_2500,h_1330,al_c/ad0976_669a0d850c1b464aa3f6c5b718ce6e43%7Emv2.png"",""og:image:width"":""2500"",""og:image:height"":""1330"",""og:url"":""https://www.woodinvillesportsclub.com/usta"",""og:site_name"":""WSC"",""og:type"":""website""}","1240"
